,Original data,Aleppo guidelines,drCORRECT algorithm
TIR (%),32.78810408921933,54.34944237918216,59.182156133829
TAR (%),67.21189591078067,45.65055762081784,40.817843866171
TBR (%),0.0,0.0,0.0
GRI (-),86.48327137546468,51.033457249070636,40.267657992565056
Mean Glucose (mg/dl),222.98699553094045,187.520805853984,168.53117777622728
CV of Glucose (%),28.088546647824668,28.887104834134444,30.685233869894397
STD of Glucose (mg/dl),62.63380625829092,54.16933177285407,51.71418604432283
STD of Glucose ROC (mg/dl/min),0.13407263549991622,0.14346847700963702,0.1498798227801084
