,Original data,Aleppo guidelines,drCORRECT algorithm
TIR (%),32.86245353159851,41.858736059479554,47.806691449814124
TAR (%),67.13754646840148,58.141263940520446,52.193308550185876
TBR (%),0.0,0.0,0.0
GRI (-),87.31598513011154,62.45353159851301,52.87732342007436
Mean Glucose (mg/dl),224.80972017099592,201.1222943799224,189.24584876452826
CV of Glucose (%),28.314498747215367,26.18875659323044,27.21672790327968
STD of Glucose (mg/dl),63.653745401435,52.67142812987827,51.50652772649382
STD of Glucose ROC (mg/dl/min),0.13118002921760893,0.13718647008825863,0.14156940729559792
