,Original data,Aleppo guidelines,drCORRECT algorithm
TIR (%),33.15985130111524,52.9368029739777,53.7546468401487
TAR (%),66.84014869888476,47.0631970260223,46.2453531598513
TBR (%),0.0,0.0,0.0
GRI (-),84.93680297397769,52.1635687732342,48.118959107806695
Mean Glucose (mg/dl),220.59716432392622,187.9199604008765,179.386968415928
CV of Glucose (%),28.05973792315863,28.479265666251603,28.65905443251981
STD of Glucose (mg/dl),61.89898617521329,53.51822476248043,51.41060892316793
STD of Glucose ROC (mg/dl/min),0.13465336328288047,0.14253729392164097,0.14526042919014448
